<?xml version="1.0" encoding="UTF-8" standalone="yes"?>
<addon id="plugin.program.addonsworld.linux" name="[B]Addonsworld[/B]" version="1.0" provider-name="Addonsworld">
  <requires>
    <import addon="xbmc.python" version="2.1.0"/>
  </requires>
  <extension point="xbmc.python.pluginsource" library="default.py">
    <provides>executable</provides>
  </extension>
  <extension point="xbmc.addon.metadata">
  <assets>
	<icon>icon.png</icon>
	<fanart>fanart.jpg</fanart>
	<screenshot>resources/screenshots/screenshot1.jpg</screenshot>
    <screenshot>resources/screenshots/screenshot2.jpg</screenshot>
    <screenshot>resources/screenshots/screenshot3.jpg</screenshot>
	<screenshot>resources/screenshots/screenshot4.jpg</screenshot>
    <screenshot>resources/screenshots/screenshot5.jpg</screenshot>
  </assets>
  </extension>
</addon>